accuracy,macro_f1,weighted_f1,precision,recall,Experiment,Features,Model,Split
0.38992537313432835,0.3853276896880052,0.3835635509436101,0.3813917015224775,0.39184332261605587,E1_Seq_LR_Rand,Sequence,Logistic Regression,random
0.707089552238806,0.708545570382139,0.7073665209970516,0.7092729564944258,0.7088783138537456,E2_Seq_RF_Rand,Sequence,Random Forest,random
0.6044776119402985,0.6069040611495166,0.6051464620222,0.6091595810792364,0.6075590556844728,E3_Seq_NN_Rand,Sequence,Neural Network,random
0.26119402985074625,0.22197882289705131,0.223940577463937,0.22376805907636557,0.2607061758610985,E4_Str_LR_Rand,Structure,Logistic Regression,random
0.3712686567164179,0.37459920568836197,0.3727834594255282,0.3770164338136688,0.37295183763223233,E5_Str_RF_Rand,Structure,Random Forest,random
0.27798507462686567,0.2723074735114564,0.27517923763201607,0.272305544023265,0.2753867688100115,E6_Str_NN_Rand,Structure,Neural Network,random
0.42723880597014924,0.4252842884192094,0.42377956824652036,0.4237564836643495,0.4289670340898319,E7_Both_LR_Rand,Both,Logistic Regression,random
0.7220149253731343,0.7245643707788737,0.7230544273749128,0.7291014464932962,0.7234367328828794,E8_Both_RF_Rand,Both,Random Forest,random
0.6100746268656716,0.6111741666982462,0.6098154542120765,0.6193338961528501,0.6111804017863235,E9_Both_NN_Rand,Both,Neural Network,random
0.38095238095238093,0.36938328235001716,0.37188295110875774,0.3691176897675375,0.3804378198251937,E10_Both_RF_SimAware,Both,Random Forest,similarity-aware
0.4056437389770723,0.3989858054876388,0.4021001937411606,0.39648768413136226,0.40277672972944495,E11_Both_NN_SimAware,Both,Neural Network,similarity-aware
